Issue Type,Summary,Description,Epic Name,Acceptance Criteria,Priority,Sprint
Epic,User Authentication & Patient Discovery,"Manage authentication, patient access and doctor discovery.",User Authentication & Patient Discovery,,High,
Story,Patient Registration & Login,"As a Patient, I want to register and log into my account securely, so that I can access consultation history and book appointments.",User Authentication & Patient Discovery,User can register; user can log in; passwords are securely hashed; invalid login shows a clear error.,High,Sprint 1
Story,Doctor Search & Filtering,"As a Patient, I want to search and filter doctors by specialty and view their profiles, so that I can choose an appropriate provider.",User Authentication & Patient Discovery,Specialty filtering works; matching doctors appear; profiles show credentials/fees/availability; results meet the response-time target.,High,Sprint 1
Epic,Appointment Scheduling & Payment,"Manage consultation slots, reservations and payment processing.",Appointment Scheduling & Payment,,High,
Story,Slot Booking & Payment,"As a Patient, I want to select an available consultation slot and complete payment, so that my appointment is confirmed.",Appointment Scheduling & Payment,Available slots are shown; successful payment creates an Appointment ID; failed payment leaves the slot unreserved and permits retry.,High,Sprint 1
Epic,Telehealth & Secure Video Integration,Manage secure video consultation room generation and delivery.,Telehealth & Secure Video Integration,,High,
Story,Secure Video Link Generation,"As a Patient/Physician, I want to receive a secure video consultation link, so that the consultation can occur remotely.",Telehealth & Secure Video Integration,Unique time-bound link is generated after booking; patient and physician receive the link before the scheduled consultation.,High,Sprint 2
Epic,Prescription Management & Security,"Manage digital prescription authoring, signing and secure records.",Prescription Management & Security,,High,
Story,Digital Prescription Signing & Download,"As a Physician, I want to author and digitally sign prescriptions, so that patients receive valid downloadable records.",Prescription Management & Security,Prescription can be authored; doctor license is verified; PDF is generated and digitally signed; patient can download the signed PDF.,High,Sprint 2
